[{"model": "auth.user", "pk": 1, "fields": {"password": "pbkdf2_sha256$260000$blRtbB4cJyG1H32GC6dS5s$CPVzR/AgO7oo6CFINHmRFqVbofLtufV71mYIecJeBKA=", "last_login": "2024-11-05T16:46:29.657Z", "is_superuser": true, "username": "Admin", "first_name": "", "last_name": "", "email": "", "is_staff": true, "is_active": true, "date_joined": "2024-11-05T15:30:20.606Z", "groups": [], "user_permissions": []}}, {"model": "auth.user", "pk": 2, "fields": {"password": "pbkdf2_sha256$260000$yAmWWkIMCfI4EOuMj95xpL$Gi2uKmSdrxDwMyay2D7/Wvk74+CZsW23RfhRFrcBggo=", "last_login": "2024-11-05T15:42:04.717Z", "is_superuser": false, "username": "User", "first_name": "", "last_name": "", "email": "", "is_staff": false, "is_active": true, "date_joined": "2024-11-05T15:41:44.626Z", "groups": [], "user_permissions": []}}, {"model": "sessions.session", "pk": "8eajt6oxrv25qj71y7j51eawvoe51zpp", "fields": {"session_data": ".eJxVjMEOwiAQBf-FsyEsLQU8eu83kIUFqRpISnsy_rs06UGvM_Pemznct-z2Fle3ELsyYJdf5jE8YzkEPbDcKw-1bOvi-ZHw0zY-V4qv29n-HWRsua99CiEphUl5aUcJSsIEBtMEcbAgxiSsGQwlqyMQDFp3rWOnJBSRl-zzBd0aN3Y:1t8MhJ:c-4jA4rSv46Ov9wj-tHyr4fvCgZDU5whuXXwME6jUuw", "expire_date": "2024-11-19T16:46:29.670Z"}}, {"model": "authtoken.token", "pk": "53b5dc322af04565bf6c8406dc8bd6c583addea2", "fields": {"user": 1, "created": "2024-11-05T15:31:42.347Z"}}, {"model": "authtoken.token", "pk": "a7cd485a278e660823243193bba237387beb6e1b", "fields": {"user": 2, "created": "2024-11-05T15:42:04.702Z"}}, {"model": "core.waste", "pk": 1, "fields": {"biowaste": 50, "glass": 50, "plastic": 10, "biowaste_max": 50, "glass_max": 50, "plastic_max": 10}}, {"model": "core.waste", "pk": 2, "fields": {"biowaste": 20, "glass": 50, "plastic": 60, "biowaste_max": 20, "glass_max": 50, "plastic_max": 60}}, {"model": "core.waste", "pk": 3, "fields": {"biowaste": 0, "glass": 0, "plastic": 0, "biowaste_max": 0, "glass_max": 300, "plastic_max": 100}}, {"model": "core.waste", "pk": 4, "fields": {"biowaste": 0, "glass": 0, "plastic": 0, "biowaste_max": 150, "glass_max": 0, "plastic_max": 50}}, {"model": "core.waste", "pk": 5, "fields": {"biowaste": 0, "glass": 0, "plastic": 0, "biowaste_max": 250, "glass_max": 0, "plastic_max": 10}}, {"model": "core.waste", "pk": 6, "fields": {"biowaste": 0, "glass": 0, "plastic": 0, "biowaste_max": 25, "glass_max": 220, "plastic_max": 0}}, {"model": "core.waste", "pk": 7, "fields": {"biowaste": 0, "glass": 0, "plastic": 0, "biowaste_max": 150, "glass_max": 100, "plastic_max": 0}}, {"model": "core.waste", "pk": 8, "fields": {"biowaste": 0, "glass": 0, "plastic": 0, "biowaste_max": 52, "glass_max": 35, "plastic_max": 25}}, {"model": "core.waste", "pk": 9, "fields": {"biowaste": 0, "glass": 0, "plastic": 0, "biowaste_max": 250, "glass_max": 0, "plastic_max": 100}}, {"model": "core.waste", "pk": 10, "fields": {"biowaste": 0, "glass": 0, "plastic": 0, "biowaste_max": 20, "glass_max": 0, "plastic_max": 250}}, {"model": "core.storage", "pk": 1, "fields": {"name": "МНО1", "waste": 3}}, {"model": "core.storage", "pk": 2, "fields": {"name": "МНО2", "waste": 4}}, {"model": "core.storage", "pk": 3, "fields": {"name": "МНО3", "waste": 5}}, {"model": "core.storage", "pk": 4, "fields": {"name": "МНО5", "waste": 6}}, {"model": "core.storage", "pk": 5, "fields": {"name": "МНО6", "waste": 7}}, {"model": "core.storage", "pk": 6, "fields": {"name": "МНО7", "waste": 9}}, {"model": "core.storage", "pk": 7, "fields": {"name": "МНО8", "waste": 8}}, {"model": "core.storage", "pk": 8, "fields": {"name": "МНО9", "waste": 10}}, {"model": "core.organization", "pk": 1, "fields": {"name": "Org1", "waste": 1, "user": 1}}, {"model": "core.organization", "pk": 2, "fields": {"name": "Org2", "waste": 2, "user": 2}}, {"model": "core.storagedistance", "pk": 1, "fields": {"storage": 2, "neighbour_storage": 4, "distance": 50}}, {"model": "core.storagedistance", "pk": 2, "fields": {"storage": 5, "neighbour_storage": 3, "distance": 600}}, {"model": "core.storagedistance", "pk": 3, "fields": {"storage": 6, "neighbour_storage": 3, "distance": 50}}, {"model": "core.storagedistance", "pk": 4, "fields": {"storage": 7, "neighbour_storage": 1, "distance": 500}}, {"model": "core.storagedistance", "pk": 5, "fields": {"storage": 8, "neighbour_storage": 7, "distance": 10}}, {"model": "core.organizationstoragedist", "pk": 1, "fields": {"storage": 1, "organization": 1, "distance": 100}}, {"model": "core.organizationstoragedist", "pk": 2, "fields": {"storage": 2, "organization": 1, "distance": 50}}, {"model": "core.organizationstoragedist", "pk": 3, "fields": {"storage": 3, "organization": 1, "distance": 600}}, {"model": "core.organizationstoragedist", "pk": 4, "fields": {"storage": 5, "organization": 1, "distance": 1200}}, {"model": "core.organizationstoragedist", "pk": 5, "fields": {"storage": 3, "organization": 2, "distance": 50}}, {"model": "core.organizationstoragedist", "pk": 6, "fields": {"storage": 2, "organization": 2, "distance": 700}}, {"model": "core.organizationstoragedist", "pk": 7, "fields": {"storage": 1, "organization": 2, "distance": 750}}, {"model": "core.organizationstoragedist", "pk": 8, "fields": {"storage": 6, "organization": 2, "distance": 100}}, {"model": "core.organizationstoragedist", "pk": 9, "fields": {"storage": 6, "organization": 1, "distance": 650}}, {"model": "core.organizationstoragedist", "pk": 10, "fields": {"storage": 7, "organization": 1, "distance": 600}}, {"model": "core.organizationstoragedist", "pk": 11, "fields": {"storage": 7, "organization": 2, "distance": 1250}}, {"model": "core.organizationstoragedist", "pk": 12, "fields": {"storage": 8, "organization": 1, "distance": 610}}, {"model": "core.organizationstoragedist", "pk": 13, "fields": {"storage": 8, "organization": 2, "distance": 1260}}]